,def_heights,avg_def_height,avg_ptsScored_team,avg_fga,avg_fg,avg_fga3,avg_fg3,avg_qSQ,avg_iso_actions,avg_iso_pts,avg_pick_actions,avg_pick_pts,avg_post_actions,avg_post_pts,avg_offBall_actions,avg_offBall_pts,avg_passes,avg_assistOppCreated,avg_touches,avg_touches_direct,avg_touches_catchAndShoot,avg_touches_paint,avg_touches_time,avg_tov,avg_fta,avg_ft_player,avg_fouls,Free_Throw%,Field_Goal%,2pt%,3pt%,Iso,Pick,Post,Offball,AT_Ratio
0,Shorter,75.536,1.029,0.881,0.407,0.249,0.062,46.314,1.0,0.854,1.281,0.826,1.017,0.75,0.186,0.169,1.266,0.352,1.346,0.732,0.01,0.018,6.983,1.0,1.766,1.34,1.0,0.7587768969422424,0.46197502837684445,0.545886075949367,0.24899598393574296,0.854,0.644808743169399,0.7374631268436579,0.9086021505376345,2.8409090909090913
1,Same,78.788,1.143,0.902,0.457,0.33,0.108,45.825,1.026,0.993,1.271,0.875,1.019,0.923,0.201,0.148,1.281,0.336,1.354,0.722,0.012,0.007,7.026,1.0,1.821,1.286,1.0,0.7062053816584295,0.5066518847006652,0.6101398601398601,0.32727272727272727,0.9678362573099415,0.6884343036978757,0.9057899901864574,0.7363184079601989,2.976190476190476
2,Taller,83.163,1.095,0.908,0.415,0.446,0.138,45.65,1.079,1.053,1.357,0.952,1.0,0.4,0.231,0.143,1.202,0.34,1.379,0.829,0.014,0.036,7.451,1.0,1.867,1.067,1.0,0.5715050883770755,0.4570484581497797,0.5995670995670994,0.3094170403587444,0.9759036144578312,0.7015475313190862,0.4,0.619047619047619,2.941176470588235
